trial_id,condition,agent_elapsed_s,judge_elapsed_s,trial_total_elapsed_s,error,score_status,overall_score
ONB-001__jpNBbeW,with_skill,11.83,73.338,101.594,,scored,0.8333
ONB-001__xBoq7PW,with_skill,15.063,72.503,103.069,,scored,0.7
ONB-002__KVR4zPV,with_skill,14.498,34.601,64.325,,scored,1.0
ONB-002__ecA9KzZ,with_skill,14.378,37.176,67.676,,scored,1.0
ONB-003__UPe5FuG,with_skill,12.779,69.445,97.634,,scored,1.0
ONB-003__ffSpVfh,with_skill,14.017,45.536,76.457,,scored,0.8333
ONB-004__43L8DTt,with_skill,12.895,39.127,70.331,,scored,1.0
ONB-004__5FZT5xP,with_skill,10.19,62.141,87.463,,scored,1.0
ONB-005__cXUYdR8,with_skill,12.698,87.19,118.189,,scored,1.0
ONB-005__cyHGAgg,with_skill,12.89,87.409,115.884,,scored,0.8333
ONB-006__owAdcAf,with_skill,12.07,45.209,72.363,,scored,1.0
ONB-006__z75jmHW,with_skill,9.853,60.322,85.281,,scored,1.0
ONB-HNEG-002__5R6EBhG,with_skill,19.68,204.293,253.93,,scored,0.7167
ONB-HNEG-002__Pwh4JRA,with_skill,23.587,162.271,202.375,,scored,0.575
ONB-NEG-001__LXBVSHV,with_skill,7.456,17.635,44.964,,scored,1.0
ONB-NEG-001__y5KvsXV,with_skill,3.649,20.581,84.109,,scored,1.0
ONB-001__TWUuCuD,without_skill,14.129,111.496,141.454,,scored,0.6889
ONB-001__nDa8BNw,without_skill,16.538,133.072,166.734,,scored,0.6389
ONB-002__BDTUUcF,without_skill,14.046,62.206,95.043,,scored,0.8333
ONB-002__f9rZmov,without_skill,10.54,47.076,73.413,,scored,0.8333
ONB-003__CYg5yK7,without_skill,12.6,93.795,125.181,,scored,0.8333
ONB-003__q73vB3v,without_skill,8.265,92.639,115.847,,scored,0.8333
ONB-004__iriNFGh,without_skill,9.243,107.374,132.133,,scored,0.8
ONB-004__yoeueQg,without_skill,15.464,81.903,114.813,,scored,0.8333
ONB-005__mA43up9,without_skill,9.651,86.237,111.944,,scored,0.8333
ONB-005__wcSmYrN,without_skill,8.308,86.492,110.664,,scored,0.8333
ONB-006__GCuQwwA,without_skill,7.109,90.574,112.806,,scored,0.7167
ONB-006__ToPsui5,without_skill,6.401,107.973,129.327,,scored,0.75
ONB-HNEG-002__fBgJKxz,without_skill,11.881,96.85,125.998,,scored,0.8
ONB-HNEG-002__zo3W2hZ,without_skill,11.421,37.503,64.469,,scored,0.8333
ONB-NEG-001__StWjUKX,without_skill,6.112,17.662,72.091,,scored,1.0
ONB-NEG-001__xHyFeE2,without_skill,5.303,27.508,48.95,,scored,1.0
